[
  {
    "nodeID": 440,
    "nodeTier": 4,
    "characteristics": {
      "cpu": 2458.159901689733,
      "memory": 6023.871436615315,
      "disk": 18.17462500437614,
      "os": "OS4",
      "reliability": 0.9786699597957426,
      "nodeBW": 85.40613988066598
    }
  },
  {
    "nodeID": 441,
    "nodeTier": 4,
    "characteristics": {
      "cpu": 2266.0320262272567,
      "memory": 7506.33130444864,
      "disk": 31.93313352822116,
      "os": "OS4",
      "reliability": 0.9731337763962378,
      "nodeBW": 83.53389736594535
    }
  },
  {
    "nodeID": 442,
    "nodeTier": 4,
    "characteristics": {
      "cpu": 2423.905962971735,
      "memory": 6724.70130336559,
      "disk": 18.325604684559874,
      "os": "OS3",
      "reliability": 0.9712064331607208,
      "nodeBW": 82.35851087470854
    }
  },
  {
    "nodeID": 443,
    "nodeTier": 4,
    "characteristics": {
      "cpu": 2349.488318892431,
      "memory": 6799.324934809924,
      "disk": 27.130272676865278,
      "os": "OS3",
      "reliability": 0.988181230719836,
      "nodeBW": 117.53204639420996
    }
  },
  {
    "nodeID": 444,
    "nodeTier": 4,
    "characteristics": {
      "cpu": 2462.4087783268856,
      "memory": 7153.846158898482,
      "disk": 23.256857003486115,
      "os": "OS4",
      "reliability": 0.9809594013549057,
      "nodeBW": 88.92440954355854
    }
  },
  {
    "nodeID": 445,
    "nodeTier": 4,
    "characteristics": {
      "cpu": 2396.9651158889633,
      "memory": 7894.680262217114,
      "disk": 21.260958534406967,
      "os": "OS4",
      "reliability": 0.9756201336210802,
      "nodeBW": 99.66468240110052
    }
  },
  {
    "nodeID": 446,
    "nodeTier": 4,
    "characteristics": {
      "cpu": 2103.893223942532,
      "memory": 6262.337067628397,
      "disk": 24.061993750535716,
      "os": "OS2",
      "reliability": 0.9776345222828253,
      "nodeBW": 104.55078426745493
    }
  },
  {
    "nodeID": 447,
    "nodeTier": 4,
    "characteristics": {
      "cpu": 2357.1241670872805,
      "memory": 7860.6926853090545,
      "disk": 18.028811399067497,
      "os": "OS2",
      "reliability": 0.976610560805653,
      "nodeBW": 89.70770463123924
    }
  },
  {
    "nodeID": 448,
    "nodeTier": 4,
    "characteristics": {
      "cpu": 2343.235300156134,
      "memory": 6165.850524467885,
      "disk": 31.738150129362708,
      "os": "OS3",
      "reliability": 0.9767742874451358,
      "nodeBW": 100.44700352132347
    }
  },
  {
    "nodeID": 449,
    "nodeTier": 4,
    "characteristics": {
      "cpu": 2454.263820542609,
      "memory": 7551.071566299198,
      "disk": 29.776313680896234,
      "os": "OS2",
      "reliability": 0.9776888865343635,
      "nodeBW": 96.19370689570559
    }
  },
  {
    "nodeID": 450,
    "nodeTier": 4,
    "characteristics": {
      "cpu": 2423.657945619674,
      "memory": 7543.667192442743,
      "disk": 31.501708786749308,
      "os": "OS1",
      "reliability": 0.980361863087111,
      "nodeBW": 95.38251391459137
    }
  },
  {
    "nodeID": 451,
    "nodeTier": 4,
    "characteristics": {
      "cpu": 2002.6337447436174,
      "memory": 6575.918475733544,
      "disk": 20.621423729694694,
      "os": "OS2",
      "reliability": 0.9829196446768358,
      "nodeBW": 119.01582263994302
    }
  },
  {
    "nodeID": 452,
    "nodeTier": 4,
    "characteristics": {
      "cpu": 2264.684191766778,
      "memory": 7123.992668384452,
      "disk": 23.293919540292634,
      "os": "OS1",
      "reliability": 0.9756455327005508,
      "nodeBW": 92.09050745221626
    }
  },
  {
    "nodeID": 453,
    "nodeTier": 4,
    "characteristics": {
      "cpu": 2185.3327368750765,
      "memory": 7669.950908290084,
      "disk": 22.160844636660077,
      "os": "OS2",
      "reliability": 0.9808267879139392,
      "nodeBW": 111.99478368502798
    }
  },
  {
    "nodeID": 454,
    "nodeTier": 4,
    "characteristics": {
      "cpu": 2497.94415958228,
      "memory": 6746.608836249612,
      "disk": 19.65748140143685,
      "os": "OS2",
      "reliability": 0.976592131205644,
      "nodeBW": 100.05735636936194
    }
  },
  {
    "nodeID": 455,
    "nodeTier": 4,
    "characteristics": {
      "cpu": 2124.760742266661,
      "memory": 6014.365373571259,
      "disk": 16.09226464712808,
      "os": "OS2",
      "reliability": 0.9777126860932134,
      "nodeBW": 96.52820311281434
    }
  },
  {
    "nodeID": 456,
    "nodeTier": 4,
    "characteristics": {
      "cpu": 2209.025047830841,
      "memory": 6441.85858433879,
      "disk": 22.884539110025457,
      "os": "OS4",
      "reliability": 0.9707538930979068,
      "nodeBW": 116.41010359164471
    }
  },
  {
    "nodeID": 457,
    "nodeTier": 4,
    "characteristics": {
      "cpu": 2120.27817154502,
      "memory": 6469.301201873072,
      "disk": 16.142929105507235,
      "os": "OS2",
      "reliability": 0.9895035711055215,
      "nodeBW": 116.89632563372203
    }
  },
  {
    "nodeID": 458,
    "nodeTier": 4,
    "characteristics": {
      "cpu": 2338.831825411867,
      "memory": 6699.256920113119,
      "disk": 24.450533776049927,
      "os": "OS4",
      "reliability": 0.9854212226570795,
      "nodeBW": 110.73405664286042
    }
  },
  {
    "nodeID": 459,
    "nodeTier": 4,
    "characteristics": {
      "cpu": 2216.802682456704,
      "memory": 6120.377455702481,
      "disk": 16.29830626158689,
      "os": "OS2",
      "reliability": 0.9728585109952965,
      "nodeBW": 108.46756391146045
    }
  },
  {
    "nodeID": 460,
    "nodeTier": 4,
    "characteristics": {
      "cpu": 2160.7966276243487,
      "memory": 6266.931718477474,
      "disk": 21.544552153426867,
      "os": "OS3",
      "reliability": 0.9887034371148139,
      "nodeBW": 113.27981263503801
    }
  },
  {
    "nodeID": 461,
    "nodeTier": 4,
    "characteristics": {
      "cpu": 2136.139720255237,
      "memory": 7519.890147967853,
      "disk": 18.54031884375566,
      "os": "OS4",
      "reliability": 0.9808042917315503,
      "nodeBW": 93.7135510233325
    }
  },
  {
    "nodeID": 462,
    "nodeTier": 4,
    "characteristics": {
      "cpu": 2408.875229964672,
      "memory": 6959.726568559783,
      "disk": 17.45840976264222,
      "os": "OS3",
      "reliability": 0.9762415241407821,
      "nodeBW": 110.67463942912592
    }
  },
  {
    "nodeID": 463,
    "nodeTier": 4,
    "characteristics": {
      "cpu": 2470.6138659397707,
      "memory": 7539.676176097049,
      "disk": 19.33246422330692,
      "os": "OS3",
      "reliability": 0.9894582211408954,
      "nodeBW": 97.32996527676798
    }
  },
  {
    "nodeID": 464,
    "nodeTier": 4,
    "characteristics": {
      "cpu": 2314.1088614169803,
      "memory": 6139.42047943207,
      "disk": 19.852766095917367,
      "os": "OS2",
      "reliability": 0.9702618562641963,
      "nodeBW": 102.81075876438385
    }
  },
  {
    "nodeID": 465,
    "nodeTier": 4,
    "characteristics": {
      "cpu": 2169.8006252622536,
      "memory": 7690.822868963544,
      "disk": 17.505818534974864,
      "os": "OS1",
      "reliability": 0.9874891519090498,
      "nodeBW": 82.05258336265683
    }
  },
  {
    "nodeID": 466,
    "nodeTier": 4,
    "characteristics": {
      "cpu": 2048.7644546749902,
      "memory": 7914.216966194792,
      "disk": 27.57758013016726,
      "os": "OS2",
      "reliability": 0.9752025121298865,
      "nodeBW": 108.60328049262581
    }
  },
  {
    "nodeID": 467,
    "nodeTier": 4,
    "characteristics": {
      "cpu": 2438.275103921032,
      "memory": 7617.203377575321,
      "disk": 30.777343295833486,
      "os": "OS2",
      "reliability": 0.9701593507898035,
      "nodeBW": 100.06702893932078
    }
  },
  {
    "nodeID": 468,
    "nodeTier": 4,
    "characteristics": {
      "cpu": 2330.6439023413704,
      "memory": 6473.953028724554,
      "disk": 18.656724448371957,
      "os": "OS1",
      "reliability": 0.9852432250483805,
      "nodeBW": 98.80507782903706
    }
  },
  {
    "nodeID": 469,
    "nodeTier": 4,
    "characteristics": {
      "cpu": 2292.281340548901,
      "memory": 6933.513785256947,
      "disk": 16.131082301963016,
      "os": "OS3",
      "reliability": 0.9730747477072541,
      "nodeBW": 91.97312309633587
    }
  },
  {
    "nodeID": 470,
    "nodeTier": 4,
    "characteristics": {
      "cpu": 2431.8914243153677,
      "memory": 7025.864618655254,
      "disk": 18.773802653363273,
      "os": "OS1",
      "reliability": 0.9736950497363799,
      "nodeBW": 82.36476933787725
    }
  },
  {
    "nodeID": 471,
    "nodeTier": 4,
    "characteristics": {
      "cpu": 2254.2118211873585,
      "memory": 6879.901406975935,
      "disk": 28.715507939293225,
      "os": "OS3",
      "reliability": 0.9710865317247811,
      "nodeBW": 82.62590267033599
    }
  },
  {
    "nodeID": 472,
    "nodeTier": 4,
    "characteristics": {
      "cpu": 2398.7297306306223,
      "memory": 6730.387331529322,
      "disk": 19.077042820885406,
      "os": "OS3",
      "reliability": 0.9706737387799251,
      "nodeBW": 82.17848648200687
    }
  },
  {
    "nodeID": 473,
    "nodeTier": 4,
    "characteristics": {
      "cpu": 2009.6334818519024,
      "memory": 6737.194857807357,
      "disk": 22.07074400465735,
      "os": "OS2",
      "reliability": 0.974551365635696,
      "nodeBW": 110.9018266023369
    }
  },
  {
    "nodeID": 474,
    "nodeTier": 4,
    "characteristics": {
      "cpu": 2219.2431426999365,
      "memory": 7001.125624059892,
      "disk": 16.42976563064173,
      "os": "OS2",
      "reliability": 0.9753993039536961,
      "nodeBW": 88.09476857311357
    }
  },
  {
    "nodeID": 475,
    "nodeTier": 4,
    "characteristics": {
      "cpu": 2211.7197746054903,
      "memory": 6338.335936565111,
      "disk": 25.863700590839855,
      "os": "OS2",
      "reliability": 0.9785838240355497,
      "nodeBW": 80.13906066515855
    }
  },
  {
    "nodeID": 476,
    "nodeTier": 4,
    "characteristics": {
      "cpu": 2325.947391769696,
      "memory": 6967.198578452542,
      "disk": 16.650312120341486,
      "os": "OS3",
      "reliability": 0.9871902832428104,
      "nodeBW": 107.72337368470681
    }
  },
  {
    "nodeID": 477,
    "nodeTier": 4,
    "characteristics": {
      "cpu": 2305.14275687117,
      "memory": 6156.656318675526,
      "disk": 29.156578739869385,
      "os": "OS4",
      "reliability": 0.9742791988174031,
      "nodeBW": 105.876361825685
    }
  },
  {
    "nodeID": 478,
    "nodeTier": 4,
    "characteristics": {
      "cpu": 2218.5714237176576,
      "memory": 7395.448797314073,
      "disk": 28.619541321860844,
      "os": "OS1",
      "reliability": 0.9897665742588752,
      "nodeBW": 83.92024973597225
    }
  },
  {
    "nodeID": 479,
    "nodeTier": 4,
    "characteristics": {
      "cpu": 2323.9643130902123,
      "memory": 7845.54989724321,
      "disk": 26.72518135974487,
      "os": "OS4",
      "reliability": 0.9791425276631963,
      "nodeBW": 112.92523596008108
    }
  },
  {
    "nodeID": 480,
    "nodeTier": 4,
    "characteristics": {
      "cpu": 2229.0613546441473,
      "memory": 6966.907229496387,
      "disk": 24.707976384779872,
      "os": "OS4",
      "reliability": 0.9884452498243634,
      "nodeBW": 89.83168703866491
    }
  },
  {
    "nodeID": 481,
    "nodeTier": 4,
    "characteristics": {
      "cpu": 2344.410919267435,
      "memory": 7029.510033768584,
      "disk": 16.523224322573384,
      "os": "OS2",
      "reliability": 0.9815063999611149,
      "nodeBW": 111.8656406480961
    }
  },
  {
    "nodeID": 482,
    "nodeTier": 4,
    "characteristics": {
      "cpu": 2449.3867602856503,
      "memory": 7796.365685797216,
      "disk": 17.417593161320497,
      "os": "OS4",
      "reliability": 0.9772345984313163,
      "nodeBW": 111.06317199633716
    }
  },
  {
    "nodeID": 483,
    "nodeTier": 4,
    "characteristics": {
      "cpu": 2072.4571196614356,
      "memory": 6835.609325330341,
      "disk": 16.286331739067585,
      "os": "OS3",
      "reliability": 0.9778856991041721,
      "nodeBW": 85.43419263594873
    }
  },
  {
    "nodeID": 484,
    "nodeTier": 4,
    "characteristics": {
      "cpu": 2248.0478419827004,
      "memory": 7964.518225468883,
      "disk": 25.524063319656193,
      "os": "OS3",
      "reliability": 0.9735289908117836,
      "nodeBW": 105.17718431279786
    }
  },
  {
    "nodeID": 485,
    "nodeTier": 4,
    "characteristics": {
      "cpu": 2379.6739164803025,
      "memory": 6134.993420919579,
      "disk": 20.52663537343606,
      "os": "OS2",
      "reliability": 0.9769250868962936,
      "nodeBW": 95.85810414234419
    }
  },
  {
    "nodeID": 486,
    "nodeTier": 4,
    "characteristics": {
      "cpu": 2336.628649736201,
      "memory": 7018.15945976736,
      "disk": 16.146393152832022,
      "os": "OS4",
      "reliability": 0.9882638359800862,
      "nodeBW": 101.01791149100767
    }
  },
  {
    "nodeID": 487,
    "nodeTier": 4,
    "characteristics": {
      "cpu": 2389.362553163664,
      "memory": 6795.289311634672,
      "disk": 30.929903600081026,
      "os": "OS3",
      "reliability": 0.9756382515211094,
      "nodeBW": 101.16980311712051
    }
  },
  {
    "nodeID": 488,
    "nodeTier": 4,
    "characteristics": {
      "cpu": 2232.358916109825,
      "memory": 6683.802759324011,
      "disk": 26.293978734097163,
      "os": "OS1",
      "reliability": 0.9815377764499552,
      "nodeBW": 106.58421157979745
    }
  },
  {
    "nodeID": 489,
    "nodeTier": 4,
    "characteristics": {
      "cpu": 2084.9272652912023,
      "memory": 7909.321178903697,
      "disk": 24.65028635763995,
      "os": "OS2",
      "reliability": 0.9799750173337732,
      "nodeBW": 116.75259537902964
    }
  },
  {
    "nodeID": 490,
    "nodeTier": 4,
    "characteristics": {
      "cpu": 2334.474638069284,
      "memory": 7265.562744385142,
      "disk": 18.188783956486144,
      "os": "OS1",
      "reliability": 0.9824748123762146,
      "nodeBW": 115.72749757904575
    }
  },
  {
    "nodeID": 491,
    "nodeTier": 4,
    "characteristics": {
      "cpu": 2356.9042565564037,
      "memory": 7500.017302210623,
      "disk": 31.53908644699786,
      "os": "OS3",
      "reliability": 0.9760463622201654,
      "nodeBW": 87.21469300672686
    }
  },
  {
    "nodeID": 492,
    "nodeTier": 4,
    "characteristics": {
      "cpu": 2382.071353690546,
      "memory": 6317.933504470314,
      "disk": 23.73444092963114,
      "os": "OS4",
      "reliability": 0.9838613228293486,
      "nodeBW": 105.65658543689892
    }
  },
  {
    "nodeID": 493,
    "nodeTier": 4,
    "characteristics": {
      "cpu": 2309.0198960641364,
      "memory": 6828.542068636401,
      "disk": 16.145240712239268,
      "os": "OS2",
      "reliability": 0.9774231507090526,
      "nodeBW": 85.81368545656008
    }
  },
  {
    "nodeID": 494,
    "nodeTier": 4,
    "characteristics": {
      "cpu": 2446.7556845739805,
      "memory": 7881.28619014449,
      "disk": 29.207879596496106,
      "os": "OS4",
      "reliability": 0.9724408962598101,
      "nodeBW": 80.55180446968164
    }
  },
  {
    "nodeID": 495,
    "nodeTier": 4,
    "characteristics": {
      "cpu": 2303.5981971256124,
      "memory": 6829.328047919448,
      "disk": 31.822734925889364,
      "os": "OS2",
      "reliability": 0.9855985816024855,
      "nodeBW": 91.56845519396117
    }
  },
  {
    "nodeID": 496,
    "nodeTier": 4,
    "characteristics": {
      "cpu": 2275.7628561377164,
      "memory": 7019.977157673409,
      "disk": 30.292946725839776,
      "os": "OS4",
      "reliability": 0.9768767792225551,
      "nodeBW": 92.64268858061794
    }
  },
  {
    "nodeID": 497,
    "nodeTier": 4,
    "characteristics": {
      "cpu": 2061.9286353112725,
      "memory": 6096.307578551928,
      "disk": 26.56428285599647,
      "os": "OS4",
      "reliability": 0.9774660137587696,
      "nodeBW": 89.86655095599326
    }
  },
  {
    "nodeID": 498,
    "nodeTier": 4,
    "characteristics": {
      "cpu": 2493.710077471719,
      "memory": 7582.972773803498,
      "disk": 30.561263789531896,
      "os": "OS2",
      "reliability": 0.9770498437553609,
      "nodeBW": 107.96473300581306
    }
  },
  {
    "nodeID": 499,
    "nodeTier": 4,
    "characteristics": {
      "cpu": 2296.571641954692,
      "memory": 7039.653688851476,
      "disk": 29.665568891367162,
      "os": "OS2",
      "reliability": 0.972612618725877,
      "nodeBW": 80.43827265424028
    }
  },
  {
    "nodeID": 500,
    "nodeTier": 4,
    "characteristics": {
      "cpu": 2363.9934421247494,
      "memory": 7306.523352567605,
      "disk": 25.813900950503303,
      "os": "OS4",
      "reliability": 0.9775767350869133,
      "nodeBW": 90.20357063969448
    }
  },
  {
    "nodeID": 501,
    "nodeTier": 4,
    "characteristics": {
      "cpu": 2318.075568280763,
      "memory": 6729.710518324682,
      "disk": 18.60050360969718,
      "os": "OS1",
      "reliability": 0.9761345993164611,
      "nodeBW": 106.14051340408992
    }
  },
  {
    "nodeID": 502,
    "nodeTier": 4,
    "characteristics": {
      "cpu": 2076.897252021923,
      "memory": 6462.180073589381,
      "disk": 22.062151883065795,
      "os": "OS2",
      "reliability": 0.981194111621038,
      "nodeBW": 88.56605472368229
    }
  },
  {
    "nodeID": 503,
    "nodeTier": 4,
    "characteristics": {
      "cpu": 2260.6729410881103,
      "memory": 7944.754909060305,
      "disk": 18.473871902084586,
      "os": "OS2",
      "reliability": 0.9769408059502214,
      "nodeBW": 110.63929989188448
    }
  },
  {
    "nodeID": 504,
    "nodeTier": 4,
    "characteristics": {
      "cpu": 2082.7990003491586,
      "memory": 7541.370670515245,
      "disk": 26.037199614312385,
      "os": "OS2",
      "reliability": 0.983285092076115,
      "nodeBW": 112.56661436036077
    }
  },
  {
    "nodeID": 505,
    "nodeTier": 4,
    "characteristics": {
      "cpu": 2292.0431457233767,
      "memory": 7100.279041792795,
      "disk": 29.928870734292023,
      "os": "OS3",
      "reliability": 0.9821705671028688,
      "nodeBW": 81.57027722947231
    }
  },
  {
    "nodeID": 506,
    "nodeTier": 4,
    "characteristics": {
      "cpu": 2229.3323214830652,
      "memory": 7619.971439463186,
      "disk": 23.41660079808322,
      "os": "OS4",
      "reliability": 0.9882559310212882,
      "nodeBW": 91.01599342117937
    }
  },
  {
    "nodeID": 507,
    "nodeTier": 4,
    "characteristics": {
      "cpu": 2215.294184239184,
      "memory": 6600.266629659392,
      "disk": 24.661010090201366,
      "os": "OS2",
      "reliability": 0.9749455064874354,
      "nodeBW": 87.24580003711102
    }
  },
  {
    "nodeID": 508,
    "nodeTier": 4,
    "characteristics": {
      "cpu": 2199.2931643282072,
      "memory": 7572.394014402861,
      "disk": 28.742443834800575,
      "os": "OS1",
      "reliability": 0.9891929151685027,
      "nodeBW": 88.86163661728274
    }
  },
  {
    "nodeID": 509,
    "nodeTier": 4,
    "characteristics": {
      "cpu": 2389.882328573952,
      "memory": 6121.027455046311,
      "disk": 27.904440809842686,
      "os": "OS2",
      "reliability": 0.976548277248551,
      "nodeBW": 92.99350453318667
    }
  },
  {
    "nodeID": 510,
    "nodeTier": 4,
    "characteristics": {
      "cpu": 2051.118618537499,
      "memory": 7755.596795774056,
      "disk": 25.772137453824694,
      "os": "OS2",
      "reliability": 0.9753513970061923,
      "nodeBW": 103.04514216457032
    }
  },
  {
    "nodeID": 511,
    "nodeTier": 4,
    "characteristics": {
      "cpu": 2061.4573230171877,
      "memory": 6499.165702547824,
      "disk": 19.94925331801011,
      "os": "OS4",
      "reliability": 0.9713032721441783,
      "nodeBW": 83.36097654651213
    }
  },
  {
    "nodeID": 512,
    "nodeTier": 4,
    "characteristics": {
      "cpu": 2194.052600875516,
      "memory": 6363.060556936896,
      "disk": 28.97465231066097,
      "os": "OS4",
      "reliability": 0.9765199859321452,
      "nodeBW": 95.68763206303734
    }
  },
  {
    "nodeID": 513,
    "nodeTier": 4,
    "characteristics": {
      "cpu": 2115.8402590930223,
      "memory": 6860.816047551909,
      "disk": 30.092368514107843,
      "os": "OS2",
      "reliability": 0.9853387529351624,
      "nodeBW": 107.69988580256731
    }
  },
  {
    "nodeID": 514,
    "nodeTier": 4,
    "characteristics": {
      "cpu": 2485.203477901298,
      "memory": 7350.450253056811,
      "disk": 20.7121546255599,
      "os": "OS2",
      "reliability": 0.9794184119808313,
      "nodeBW": 114.29447110584626
    }
  },
  {
    "nodeID": 515,
    "nodeTier": 4,
    "characteristics": {
      "cpu": 2460.5221320485402,
      "memory": 7149.603996031601,
      "disk": 25.789090903929523,
      "os": "OS1",
      "reliability": 0.988750940211287,
      "nodeBW": 87.45071845860204
    }
  },
  {
    "nodeID": 516,
    "nodeTier": 4,
    "characteristics": {
      "cpu": 2436.056792953354,
      "memory": 6782.906432503874,
      "disk": 30.788302122853352,
      "os": "OS1",
      "reliability": 0.9757980077838856,
      "nodeBW": 88.09625338964122
    }
  },
  {
    "nodeID": 517,
    "nodeTier": 4,
    "characteristics": {
      "cpu": 2021.285322265483,
      "memory": 6613.12066699495,
      "disk": 28.653138271888484,
      "os": "OS2",
      "reliability": 0.9750204487021945,
      "nodeBW": 103.63966188730109
    }
  },
  {
    "nodeID": 518,
    "nodeTier": 4,
    "characteristics": {
      "cpu": 2071.040448579179,
      "memory": 7408.0486364508815,
      "disk": 21.079576023858003,
      "os": "OS4",
      "reliability": 0.9753004310129945,
      "nodeBW": 118.14087516138639
    }
  },
  {
    "nodeID": 519,
    "nodeTier": 4,
    "characteristics": {
      "cpu": 2099.479348672388,
      "memory": 6081.332874126152,
      "disk": 27.486989135308452,
      "os": "OS4",
      "reliability": 0.9782531694816904,
      "nodeBW": 114.04816276250276
    }
  },
  {
    "nodeID": 520,
    "nodeTier": 4,
    "characteristics": {
      "cpu": 2155.201852144938,
      "memory": 7543.546753981509,
      "disk": 19.410384628595168,
      "os": "OS3",
      "reliability": 0.975910048304658,
      "nodeBW": 103.77120617968687
    }
  },
  {
    "nodeID": 521,
    "nodeTier": 4,
    "characteristics": {
      "cpu": 2467.9873725625284,
      "memory": 6774.628896824725,
      "disk": 21.078904852051853,
      "os": "OS3",
      "reliability": 0.9871642020916528,
      "nodeBW": 106.92552021137466
    }
  },
  {
    "nodeID": 522,
    "nodeTier": 4,
    "characteristics": {
      "cpu": 2366.702782951626,
      "memory": 7558.903887957291,
      "disk": 24.75509631909515,
      "os": "OS1",
      "reliability": 0.9784709711125535,
      "nodeBW": 104.46304257702602
    }
  },
  {
    "nodeID": 523,
    "nodeTier": 4,
    "characteristics": {
      "cpu": 2046.4106740535387,
      "memory": 7216.002956930054,
      "disk": 29.164479008153336,
      "os": "OS1",
      "reliability": 0.9871094372709096,
      "nodeBW": 104.1056506090332
    }
  },
  {
    "nodeID": 524,
    "nodeTier": 4,
    "characteristics": {
      "cpu": 2299.9646572446354,
      "memory": 7027.161479608421,
      "disk": 20.52931847117489,
      "os": "OS1",
      "reliability": 0.9766819358279991,
      "nodeBW": 110.72599665698891
    }
  },
  {
    "nodeID": 525,
    "nodeTier": 4,
    "characteristics": {
      "cpu": 2132.992257645924,
      "memory": 6385.300801962324,
      "disk": 28.833507001871915,
      "os": "OS2",
      "reliability": 0.9830824377582713,
      "nodeBW": 91.99510387182089
    }
  },
  {
    "nodeID": 526,
    "nodeTier": 4,
    "characteristics": {
      "cpu": 2148.6828717316494,
      "memory": 7442.990236300963,
      "disk": 29.48834636260109,
      "os": "OS3",
      "reliability": 0.9763991833972244,
      "nodeBW": 93.48213934957117
    }
  },
  {
    "nodeID": 527,
    "nodeTier": 4,
    "characteristics": {
      "cpu": 2321.1233997241775,
      "memory": 6067.243332714477,
      "disk": 25.098970870605704,
      "os": "OS3",
      "reliability": 0.9875504871350171,
      "nodeBW": 107.86387900075499
    }
  },
  {
    "nodeID": 528,
    "nodeTier": 4,
    "characteristics": {
      "cpu": 2494.80716503441,
      "memory": 7212.887246382545,
      "disk": 31.27348562318342,
      "os": "OS1",
      "reliability": 0.9867485263809638,
      "nodeBW": 92.79154649368868
    }
  },
  {
    "nodeID": 529,
    "nodeTier": 4,
    "characteristics": {
      "cpu": 2145.7340598880032,
      "memory": 6582.196073393447,
      "disk": 22.722624626683675,
      "os": "OS4",
      "reliability": 0.9819674949316325,
      "nodeBW": 86.68569771452817
    }
  },
  {
    "nodeID": 530,
    "nodeTier": 4,
    "characteristics": {
      "cpu": 2142.5136912304,
      "memory": 7133.803832454301,
      "disk": 21.86588195004854,
      "os": "OS2",
      "reliability": 0.9784564954558891,
      "nodeBW": 110.5986731410492
    }
  },
  {
    "nodeID": 531,
    "nodeTier": 4,
    "characteristics": {
      "cpu": 2053.838354646386,
      "memory": 6061.689346684677,
      "disk": 22.969344049451596,
      "os": "OS3",
      "reliability": 0.9898126532237426,
      "nodeBW": 81.8037531731228
    }
  },
  {
    "nodeID": 532,
    "nodeTier": 4,
    "characteristics": {
      "cpu": 2302.5865212527888,
      "memory": 6510.170892036811,
      "disk": 29.465847111006113,
      "os": "OS4",
      "reliability": 0.9792510973725688,
      "nodeBW": 112.04684918305627
    }
  },
  {
    "nodeID": 533,
    "nodeTier": 4,
    "characteristics": {
      "cpu": 2134.8567601488508,
      "memory": 7364.493882943967,
      "disk": 17.74146259160621,
      "os": "OS4",
      "reliability": 0.9865093997998529,
      "nodeBW": 110.67526800352383
    }
  },
  {
    "nodeID": 534,
    "nodeTier": 4,
    "characteristics": {
      "cpu": 2143.654845317942,
      "memory": 7125.24369158475,
      "disk": 20.330542778693523,
      "os": "OS3",
      "reliability": 0.9858068063494927,
      "nodeBW": 88.44779222219384
    }
  },
  {
    "nodeID": 535,
    "nodeTier": 4,
    "characteristics": {
      "cpu": 2121.0043881358915,
      "memory": 6033.221736215818,
      "disk": 20.66939058158046,
      "os": "OS1",
      "reliability": 0.9844320249473291,
      "nodeBW": 92.2189950127155
    }
  },
  {
    "nodeID": 536,
    "nodeTier": 4,
    "characteristics": {
      "cpu": 2047.908301943915,
      "memory": 7056.099371615785,
      "disk": 16.118836628728182,
      "os": "OS1",
      "reliability": 0.9841544690285104,
      "nodeBW": 80.57900237706464
    }
  },
  {
    "nodeID": 537,
    "nodeTier": 4,
    "characteristics": {
      "cpu": 2039.1796609828746,
      "memory": 7192.639007304346,
      "disk": 20.49214896165901,
      "os": "OS4",
      "reliability": 0.9897316320374392,
      "nodeBW": 97.56407452336003
    }
  },
  {
    "nodeID": 538,
    "nodeTier": 4,
    "characteristics": {
      "cpu": 2358.6887259427144,
      "memory": 6001.911111117962,
      "disk": 27.05265813552162,
      "os": "OS1",
      "reliability": 0.9739284217598938,
      "nodeBW": 109.47633055786306
    }
  },
  {
    "nodeID": 539,
    "nodeTier": 4,
    "characteristics": {
      "cpu": 2097.5926312994793,
      "memory": 7402.813273795456,
      "disk": 20.17211103976268,
      "os": "OS1",
      "reliability": 0.9855906380018671,
      "nodeBW": 100.7881322363782
    }
  },
  {
    "nodeID": 540,
    "nodeTier": 4,
    "characteristics": {
      "cpu": 2005.7039410891107,
      "memory": 6322.021885631879,
      "disk": 27.098143773219935,
      "os": "OS3",
      "reliability": 0.9706442218182009,
      "nodeBW": 102.8272489559416
    }
  },
  {
    "nodeID": 541,
    "nodeTier": 4,
    "characteristics": {
      "cpu": 2214.86317835303,
      "memory": 7026.469587790489,
      "disk": 24.951653259584333,
      "os": "OS1",
      "reliability": 0.9820908478076358,
      "nodeBW": 115.46503685634775
    }
  },
  {
    "nodeID": 542,
    "nodeTier": 4,
    "characteristics": {
      "cpu": 2073.633394562287,
      "memory": 6643.086095436653,
      "disk": 30.295075560788213,
      "os": "OS4",
      "reliability": 0.973456797667759,
      "nodeBW": 116.01087103690219
    }
  },
  {
    "nodeID": 543,
    "nodeTier": 4,
    "characteristics": {
      "cpu": 2241.1603148195327,
      "memory": 7813.726772703704,
      "disk": 21.379153767604926,
      "os": "OS4",
      "reliability": 0.9802413847845335,
      "nodeBW": 116.09923684936982
    }
  },
  {
    "nodeID": 544,
    "nodeTier": 4,
    "characteristics": {
      "cpu": 2327.1649339259243,
      "memory": 7078.1180350648065,
      "disk": 18.017744170191357,
      "os": "OS2",
      "reliability": 0.9815631816707427,
      "nodeBW": 82.60109352383762
    }
  },
  {
    "nodeID": 545,
    "nodeTier": 4,
    "characteristics": {
      "cpu": 2304.6490027019645,
      "memory": 7566.689077613155,
      "disk": 25.510564411782596,
      "os": "OS2",
      "reliability": 0.9755583112549931,
      "nodeBW": 86.03189960515587
    }
  },
  {
    "nodeID": 546,
    "nodeTier": 4,
    "characteristics": {
      "cpu": 2231.470947907608,
      "memory": 7070.009910442587,
      "disk": 16.689729612206907,
      "os": "OS4",
      "reliability": 0.9796644247751325,
      "nodeBW": 110.83269243636457
    }
  },
  {
    "nodeID": 547,
    "nodeTier": 4,
    "characteristics": {
      "cpu": 2208.958496365936,
      "memory": 7851.823391975023,
      "disk": 19.150964182744872,
      "os": "OS4",
      "reliability": 0.9823816115780669,
      "nodeBW": 100.7138585490503
    }
  },
  {
    "nodeID": 548,
    "nodeTier": 4,
    "characteristics": {
      "cpu": 2172.8720223610717,
      "memory": 6068.501432280566,
      "disk": 17.870028120858883,
      "os": "OS1",
      "reliability": 0.973384607340072,
      "nodeBW": 110.27256924131837
    }
  },
  {
    "nodeID": 549,
    "nodeTier": 4,
    "characteristics": {
      "cpu": 2241.739724101563,
      "memory": 7528.093451528792,
      "disk": 29.529652358177263,
      "os": "OS1",
      "reliability": 0.9714816068854367,
      "nodeBW": 89.62593769181177
    }
  },
  {
    "nodeID": 550,
    "nodeTier": 4,
    "characteristics": {
      "cpu": 2480.5295973584443,
      "memory": 7843.533069260429,
      "disk": 29.848809722219208,
      "os": "OS4",
      "reliability": 0.9847788373825522,
      "nodeBW": 111.30233155615296
    }
  },
  {
    "nodeID": 551,
    "nodeTier": 4,
    "characteristics": {
      "cpu": 2233.8439828642245,
      "memory": 7698.73366376712,
      "disk": 28.618220144360897,
      "os": "OS2",
      "reliability": 0.9889788588288316,
      "nodeBW": 100.97648185637934
    }
  },
  {
    "nodeID": 552,
    "nodeTier": 4,
    "characteristics": {
      "cpu": 2365.4823191340856,
      "memory": 7216.202652733846,
      "disk": 28.32540492504489,
      "os": "OS4",
      "reliability": 0.9838198842580975,
      "nodeBW": 93.63573564938645
    }
  },
  {
    "nodeID": 553,
    "nodeTier": 4,
    "characteristics": {
      "cpu": 2268.3071156496135,
      "memory": 6744.969965191629,
      "disk": 21.720538240030898,
      "os": "OS3",
      "reliability": 0.9833533937521985,
      "nodeBW": 117.47193806320689
    }
  },
  {
    "nodeID": 554,
    "nodeTier": 4,
    "characteristics": {
      "cpu": 2176.4057947872216,
      "memory": 7740.504364757211,
      "disk": 19.102050224107412,
      "os": "OS3",
      "reliability": 0.9713433829007163,
      "nodeBW": 88.63162349929277
    }
  },
  {
    "nodeID": 555,
    "nodeTier": 4,
    "characteristics": {
      "cpu": 2352.1634084764933,
      "memory": 7504.39411774078,
      "disk": 25.137473873388696,
      "os": "OS3",
      "reliability": 0.9855146381103821,
      "nodeBW": 91.25883587467229
    }
  },
  {
    "nodeID": 556,
    "nodeTier": 4,
    "characteristics": {
      "cpu": 2406.885705607416,
      "memory": 6380.702414461666,
      "disk": 29.63398214281777,
      "os": "OS4",
      "reliability": 0.974270706753065,
      "nodeBW": 104.49405422484092
    }
  },
  {
    "nodeID": 557,
    "nodeTier": 4,
    "characteristics": {
      "cpu": 2115.1251533526247,
      "memory": 7987.795911972774,
      "disk": 16.45280793121201,
      "os": "OS1",
      "reliability": 0.9889554687871182,
      "nodeBW": 85.42912003637461
    }
  },
  {
    "nodeID": 558,
    "nodeTier": 4,
    "characteristics": {
      "cpu": 2122.3266084558986,
      "memory": 6568.459828259656,
      "disk": 24.729051573459362,
      "os": "OS3",
      "reliability": 0.9764347517130038,
      "nodeBW": 105.8413187211628
    }
  },
  {
    "nodeID": 559,
    "nodeTier": 4,
    "characteristics": {
      "cpu": 2020.5532903150927,
      "memory": 7898.47001144824,
      "disk": 26.598400712699583,
      "os": "OS4",
      "reliability": 0.9829335879443853,
      "nodeBW": 107.68132179487795
    }
  },
  {
    "nodeID": 560,
    "nodeTier": 4,
    "characteristics": {
      "cpu": 2138.8737754311114,
      "memory": 7634.2349416718525,
      "disk": 19.563937179033427,
      "os": "OS4",
      "reliability": 0.9819424877413934,
      "nodeBW": 84.89547877315508
    }
  },
  {
    "nodeID": 561,
    "nodeTier": 4,
    "characteristics": {
      "cpu": 2470.0770059464835,
      "memory": 6457.509954892744,
      "disk": 28.13530737185241,
      "os": "OS3",
      "reliability": 0.9715928375274813,
      "nodeBW": 116.0846346604252
    }
  },
  {
    "nodeID": 562,
    "nodeTier": 4,
    "characteristics": {
      "cpu": 2293.2963009743044,
      "memory": 7186.2392193194455,
      "disk": 24.303135910242965,
      "os": "OS1",
      "reliability": 0.97635339476746,
      "nodeBW": 104.73684761846026
    }
  },
  {
    "nodeID": 563,
    "nodeTier": 4,
    "characteristics": {
      "cpu": 2482.6610815045237,
      "memory": 6677.9087181567065,
      "disk": 16.792876582276637,
      "os": "OS3",
      "reliability": 0.9765633891003551,
      "nodeBW": 87.0887174385953
    }
  },
  {
    "nodeID": 564,
    "nodeTier": 4,
    "characteristics": {
      "cpu": 2491.3776821423776,
      "memory": 6376.636004999626,
      "disk": 24.05510577005265,
      "os": "OS3",
      "reliability": 0.9762871251757711,
      "nodeBW": 106.40762933577508
    }
  },
  {
    "nodeID": 565,
    "nodeTier": 4,
    "characteristics": {
      "cpu": 2029.0412287339634,
      "memory": 7237.188154366819,
      "disk": 19.565924954021813,
      "os": "OS2",
      "reliability": 0.984784218833478,
      "nodeBW": 90.60022673482007
    }
  },
  {
    "nodeID": 566,
    "nodeTier": 4,
    "characteristics": {
      "cpu": 2327.763518605384,
      "memory": 6214.682340146058,
      "disk": 16.541062742537683,
      "os": "OS1",
      "reliability": 0.9819995849902803,
      "nodeBW": 99.01176829799776
    }
  },
  {
    "nodeID": 567,
    "nodeTier": 4,
    "characteristics": {
      "cpu": 2205.046208764081,
      "memory": 7679.163880391339,
      "disk": 16.959283242362375,
      "os": "OS2",
      "reliability": 0.9718272240341048,
      "nodeBW": 103.30681720352653
    }
  },
  {
    "nodeID": 568,
    "nodeTier": 4,
    "characteristics": {
      "cpu": 2175.567380073657,
      "memory": 7242.9092711457315,
      "disk": 24.524756063280257,
      "os": "OS3",
      "reliability": 0.982433704218961,
      "nodeBW": 89.1376553971117
    }
  },
  {
    "nodeID": 569,
    "nodeTier": 4,
    "characteristics": {
      "cpu": 2147.551830587283,
      "memory": 6130.696625719245,
      "disk": 16.900353113850333,
      "os": "OS2",
      "reliability": 0.9708465919400299,
      "nodeBW": 107.48527893586476
    }
  },
  {
    "nodeID": 570,
    "nodeTier": 4,
    "characteristics": {
      "cpu": 2470.3413448016654,
      "memory": 6687.406786527057,
      "disk": 28.69115337830634,
      "os": "OS2",
      "reliability": 0.9844396573286105,
      "nodeBW": 94.6600468659377
    }
  },
  {
    "nodeID": 571,
    "nodeTier": 4,
    "characteristics": {
      "cpu": 2367.7661648890953,
      "memory": 7982.94551674644,
      "disk": 18.29999808472648,
      "os": "OS2",
      "reliability": 0.9718066747032823,
      "nodeBW": 85.17203954905105
    }
  },
  {
    "nodeID": 572,
    "nodeTier": 4,
    "characteristics": {
      "cpu": 2213.0634997005873,
      "memory": 7488.907563135709,
      "disk": 21.216826446190193,
      "os": "OS4",
      "reliability": 0.9742641270295765,
      "nodeBW": 86.69781194699962
    }
  },
  {
    "nodeID": 573,
    "nodeTier": 4,
    "characteristics": {
      "cpu": 2429.22841188089,
      "memory": 6242.8977322174305,
      "disk": 23.362321265766393,
      "os": "OS2",
      "reliability": 0.9796670708993402,
      "nodeBW": 91.9089905172119
    }
  },
  {
    "nodeID": 574,
    "nodeTier": 4,
    "characteristics": {
      "cpu": 2077.084426067108,
      "memory": 7595.291532061685,
      "disk": 24.412634714486117,
      "os": "OS2",
      "reliability": 0.984464288626838,
      "nodeBW": 105.14879932889751
    }
  },
  {
    "nodeID": 575,
    "nodeTier": 4,
    "characteristics": {
      "cpu": 2492.0691182261735,
      "memory": 6611.213703872133,
      "disk": 27.829004351514758,
      "os": "OS1",
      "reliability": 0.9731827300101084,
      "nodeBW": 89.42857372972476
    }
  },
  {
    "nodeID": 576,
    "nodeTier": 4,
    "characteristics": {
      "cpu": 2265.721059613896,
      "memory": 7523.682943847258,
      "disk": 25.784928974103625,
      "os": "OS3",
      "reliability": 0.9759240420258513,
      "nodeBW": 114.52961954210079
    }
  },
  {
    "nodeID": 577,
    "nodeTier": 4,
    "characteristics": {
      "cpu": 2175.357509148443,
      "memory": 7171.773687739191,
      "disk": 21.49646875091147,
      "os": "OS1",
      "reliability": 0.9858713452943993,
      "nodeBW": 116.98586970272149
    }
  },
  {
    "nodeID": 578,
    "nodeTier": 4,
    "characteristics": {
      "cpu": 2073.5261445440347,
      "memory": 7110.051936494814,
      "disk": 27.59496511681133,
      "os": "OS1",
      "reliability": 0.9834193686939582,
      "nodeBW": 110.3529803094082
    }
  },
  {
    "nodeID": 579,
    "nodeTier": 4,
    "characteristics": {
      "cpu": 2022.4007002533808,
      "memory": 7611.1097401115585,
      "disk": 23.106250203784292,
      "os": "OS4",
      "reliability": 0.9856078345902071,
      "nodeBW": 117.68159297662363
    }
  },
  {
    "nodeID": 580,
    "nodeTier": 4,
    "characteristics": {
      "cpu": 2438.68880496808,
      "memory": 7451.358475213987,
      "disk": 17.077196660504672,
      "os": "OS4",
      "reliability": 0.9838625988387202,
      "nodeBW": 97.28311597601717
    }
  },
  {
    "nodeID": 581,
    "nodeTier": 4,
    "characteristics": {
      "cpu": 2375.7127001166336,
      "memory": 6769.411277715403,
      "disk": 29.808926573502312,
      "os": "OS3",
      "reliability": 0.9730685253941225,
      "nodeBW": 107.0563058513774
    }
  },
  {
    "nodeID": 582,
    "nodeTier": 4,
    "characteristics": {
      "cpu": 2290.5216884837346,
      "memory": 7884.295173596092,
      "disk": 25.61630246286889,
      "os": "OS4",
      "reliability": 0.9832947776228474,
      "nodeBW": 106.50865474795336
    }
  },
  {
    "nodeID": 583,
    "nodeTier": 4,
    "characteristics": {
      "cpu": 2278.929206837669,
      "memory": 6717.02921081862,
      "disk": 18.034252088646394,
      "os": "OS4",
      "reliability": 0.9716663598822226,
      "nodeBW": 94.42077877402116
    }
  },
  {
    "nodeID": 584,
    "nodeTier": 4,
    "characteristics": {
      "cpu": 2164.765305179942,
      "memory": 6070.815564160158,
      "disk": 31.109050131953126,
      "os": "OS3",
      "reliability": 0.9842244910487967,
      "nodeBW": 91.98724399108846
    }
  },
  {
    "nodeID": 585,
    "nodeTier": 4,
    "characteristics": {
      "cpu": 2497.801066487782,
      "memory": 6515.241611381844,
      "disk": 22.20112201650634,
      "os": "OS2",
      "reliability": 0.9729172089762135,
      "nodeBW": 89.92679826988136
    }
  },
  {
    "nodeID": 586,
    "nodeTier": 4,
    "characteristics": {
      "cpu": 2457.3940599662346,
      "memory": 6028.494557373994,
      "disk": 28.013449026194717,
      "os": "OS1",
      "reliability": 0.9756609670477528,
      "nodeBW": 90.47683327247196
    }
  },
  {
    "nodeID": 587,
    "nodeTier": 4,
    "characteristics": {
      "cpu": 2486.3205523068973,
      "memory": 7146.998205348441,
      "disk": 19.83277576780326,
      "os": "OS3",
      "reliability": 0.9848104673192127,
      "nodeBW": 87.3754699758459
    }
  },
  {
    "nodeID": 588,
    "nodeTier": 4,
    "characteristics": {
      "cpu": 2037.3159949034107,
      "memory": 6678.75347546066,
      "disk": 26.823413676316807,
      "os": "OS1",
      "reliability": 0.9722164859865805,
      "nodeBW": 110.35123328792355
    }
  },
  {
    "nodeID": 589,
    "nodeTier": 4,
    "characteristics": {
      "cpu": 2444.9970269845653,
      "memory": 7802.770084850306,
      "disk": 20.79719979941317,
      "os": "OS3",
      "reliability": 0.9888802099363216,
      "nodeBW": 119.75721217232082
    }
  },
  {
    "nodeID": 590,
    "nodeTier": 4,
    "characteristics": {
      "cpu": 2181.9346740358797,
      "memory": 6011.0999664733135,
      "disk": 21.330772467183785,
      "os": "OS2",
      "reliability": 0.9744955923404796,
      "nodeBW": 91.57599465299461
    }
  },
  {
    "nodeID": 591,
    "nodeTier": 4,
    "characteristics": {
      "cpu": 2087.982318961655,
      "memory": 7581.792039221944,
      "disk": 19.50983786105892,
      "os": "OS1",
      "reliability": 0.9795900546532461,
      "nodeBW": 97.77632349146013
    }
  },
  {
    "nodeID": 592,
    "nodeTier": 4,
    "characteristics": {
      "cpu": 2404.510841726749,
      "memory": 6137.255831888864,
      "disk": 26.553450886653426,
      "os": "OS2",
      "reliability": 0.9881755760844151,
      "nodeBW": 104.0023569193144
    }
  },
  {
    "nodeID": 593,
    "nodeTier": 4,
    "characteristics": {
      "cpu": 2436.9398761904276,
      "memory": 6643.030662457313,
      "disk": 21.304214188073292,
      "os": "OS2",
      "reliability": 0.9730232769165235,
      "nodeBW": 96.72793866641854
    }
  },
  {
    "nodeID": 594,
    "nodeTier": 4,
    "characteristics": {
      "cpu": 2397.8687240823706,
      "memory": 6414.026160043737,
      "disk": 27.845440408598623,
      "os": "OS3",
      "reliability": 0.9767648395592311,
      "nodeBW": 85.61231022358578
    }
  },
  {
    "nodeID": 595,
    "nodeTier": 4,
    "characteristics": {
      "cpu": 2478.0569378635014,
      "memory": 6053.576903370932,
      "disk": 19.617881387321656,
      "os": "OS1",
      "reliability": 0.9875872035213592,
      "nodeBW": 85.37267605415872
    }
  },
  {
    "nodeID": 596,
    "nodeTier": 4,
    "characteristics": {
      "cpu": 2128.65898074312,
      "memory": 6266.5336743265225,
      "disk": 23.58030148253719,
      "os": "OS4",
      "reliability": 0.9752726025862942,
      "nodeBW": 110.30142052971355
    }
  },
  {
    "nodeID": 597,
    "nodeTier": 4,
    "characteristics": {
      "cpu": 2416.187664383268,
      "memory": 6128.203634709791,
      "disk": 25.950255113018404,
      "os": "OS1",
      "reliability": 0.9756268333833533,
      "nodeBW": 93.86130924423306
    }
  },
  {
    "nodeID": 598,
    "nodeTier": 4,
    "characteristics": {
      "cpu": 2281.7337216249057,
      "memory": 6276.067476601167,
      "disk": 24.155834563756688,
      "os": "OS1",
      "reliability": 0.9703684392689145,
      "nodeBW": 98.00976903168687
    }
  },
  {
    "nodeID": 599,
    "nodeTier": 4,
    "characteristics": {
      "cpu": 2237.484875691607,
      "memory": 7455.377266383532,
      "disk": 25.84462999080006,
      "os": "OS1",
      "reliability": 0.9702165500839395,
      "nodeBW": 109.37573227484123
    }
  },
  {
    "nodeID": 600,
    "nodeTier": 4,
    "characteristics": {
      "cpu": 2435.56191813424,
      "memory": 7106.715663016552,
      "disk": 29.918007940785564,
      "os": "OS4",
      "reliability": 0.9881560775910194,
      "nodeBW": 101.00702155708395
    }
  },
  {
    "nodeID": 601,
    "nodeTier": 4,
    "characteristics": {
      "cpu": 2037.561743796059,
      "memory": 6499.882380211638,
      "disk": 23.71814030207968,
      "os": "OS3",
      "reliability": 0.9840181550345056,
      "nodeBW": 99.11911187162559
    }
  },
  {
    "nodeID": 602,
    "nodeTier": 4,
    "characteristics": {
      "cpu": 2098.9497293736486,
      "memory": 7053.223801912802,
      "disk": 19.704589003584875,
      "os": "OS2",
      "reliability": 0.9887256875010767,
      "nodeBW": 84.63427423754426
    }
  },
  {
    "nodeID": 603,
    "nodeTier": 4,
    "characteristics": {
      "cpu": 2308.524490117686,
      "memory": 7996.310984529924,
      "disk": 23.984766227669006,
      "os": "OS2",
      "reliability": 0.9839333595797791,
      "nodeBW": 108.55206186974372
    }
  },
  {
    "nodeID": 604,
    "nodeTier": 4,
    "characteristics": {
      "cpu": 2090.1197890701,
      "memory": 6875.0912925358625,
      "disk": 28.98532785396988,
      "os": "OS1",
      "reliability": 0.9806535727444917,
      "nodeBW": 115.58966836091696
    }
  },
  {
    "nodeID": 605,
    "nodeTier": 4,
    "characteristics": {
      "cpu": 2429.305832911669,
      "memory": 6106.503536612108,
      "disk": 16.72471021081077,
      "os": "OS1",
      "reliability": 0.9735141092078384,
      "nodeBW": 104.11554177763074
    }
  },
  {
    "nodeID": 606,
    "nodeTier": 4,
    "characteristics": {
      "cpu": 2112.6947736180073,
      "memory": 7058.830533534404,
      "disk": 21.862151890989896,
      "os": "OS3",
      "reliability": 0.9870422293459983,
      "nodeBW": 86.3961858937084
    }
  },
  {
    "nodeID": 607,
    "nodeTier": 4,
    "characteristics": {
      "cpu": 2320.351084411467,
      "memory": 7569.838348873371,
      "disk": 21.693458973812767,
      "os": "OS2",
      "reliability": 0.9704659609853636,
      "nodeBW": 117.36340775948433
    }
  },
  {
    "nodeID": 608,
    "nodeTier": 4,
    "characteristics": {
      "cpu": 2371.472557285623,
      "memory": 7266.362416592797,
      "disk": 23.237839578874816,
      "os": "OS2",
      "reliability": 0.9736433673013047,
      "nodeBW": 96.54388954910539
    }
  },
  {
    "nodeID": 609,
    "nodeTier": 4,
    "characteristics": {
      "cpu": 2230.359804513284,
      "memory": 7299.296314243793,
      "disk": 21.6356745480225,
      "os": "OS2",
      "reliability": 0.9730029421404685,
      "nodeBW": 90.43891492794921
    }
  },
  {
    "nodeID": 610,
    "nodeTier": 4,
    "characteristics": {
      "cpu": 2406.44083652855,
      "memory": 7621.605244721974,
      "disk": 21.150616272385687,
      "os": "OS1",
      "reliability": 0.974402602594931,
      "nodeBW": 103.56169511940291
    }
  },
  {
    "nodeID": 611,
    "nodeTier": 4,
    "characteristics": {
      "cpu": 2372.5598492469144,
      "memory": 7946.947054234593,
      "disk": 23.528343673842553,
      "os": "OS3",
      "reliability": 0.9700407407896741,
      "nodeBW": 90.32724780199831
    }
  },
  {
    "nodeID": 612,
    "nodeTier": 4,
    "characteristics": {
      "cpu": 2418.6722386523415,
      "memory": 7750.082362701114,
      "disk": 24.48305644013518,
      "os": "OS4",
      "reliability": 0.9742978436645168,
      "nodeBW": 81.1271037349869
    }
  },
  {
    "nodeID": 613,
    "nodeTier": 4,
    "characteristics": {
      "cpu": 2455.0506977338623,
      "memory": 6413.281644857709,
      "disk": 28.778387192117194,
      "os": "OS4",
      "reliability": 0.9895602339314065,
      "nodeBW": 119.69165042873303
    }
  },
  {
    "nodeID": 614,
    "nodeTier": 4,
    "characteristics": {
      "cpu": 2376.6090731467675,
      "memory": 7331.020255147154,
      "disk": 22.113676155846843,
      "os": "OS1",
      "reliability": 0.9779734782543736,
      "nodeBW": 113.99281777782406
    }
  },
  {
    "nodeID": 615,
    "nodeTier": 4,
    "characteristics": {
      "cpu": 2116.4314458420235,
      "memory": 6490.901914209141,
      "disk": 18.510322908971176,
      "os": "OS2",
      "reliability": 0.9766153695624711,
      "nodeBW": 111.31143559276953
    }
  },
  {
    "nodeID": 616,
    "nodeTier": 4,
    "characteristics": {
      "cpu": 2042.8330621579125,
      "memory": 6431.2915604039335,
      "disk": 20.174866438578803,
      "os": "OS4",
      "reliability": 0.9867245922324628,
      "nodeBW": 101.78205790497134
    }
  },
  {
    "nodeID": 617,
    "nodeTier": 4,
    "characteristics": {
      "cpu": 2385.831510880075,
      "memory": 7566.628104466619,
      "disk": 19.394489729868265,
      "os": "OS3",
      "reliability": 0.9768492573920009,
      "nodeBW": 84.11129430892788
    }
  },
  {
    "nodeID": 618,
    "nodeTier": 4,
    "characteristics": {
      "cpu": 2077.094639328154,
      "memory": 7781.329118841457,
      "disk": 24.822056400506025,
      "os": "OS1",
      "reliability": 0.984013402682277,
      "nodeBW": 96.0112046631719
    }
  },
  {
    "nodeID": 619,
    "nodeTier": 4,
    "characteristics": {
      "cpu": 2383.4610025976044,
      "memory": 7793.8240242132,
      "disk": 31.663675035102614,
      "os": "OS4",
      "reliability": 0.9867374872608797,
      "nodeBW": 101.78028844148315
    }
  },
  {
    "nodeID": 620,
    "nodeTier": 4,
    "characteristics": {
      "cpu": 2309.968636354533,
      "memory": 7851.006024739713,
      "disk": 25.012494820486907,
      "os": "OS3",
      "reliability": 0.9852197788700313,
      "nodeBW": 96.012048836808
    }
  },
  {
    "nodeID": 621,
    "nodeTier": 4,
    "characteristics": {
      "cpu": 2188.761279931939,
      "memory": 6351.042309956066,
      "disk": 30.468734109437335,
      "os": "OS1",
      "reliability": 0.9836418757072776,
      "nodeBW": 97.16490225616113
    }
  },
  {
    "nodeID": 622,
    "nodeTier": 4,
    "characteristics": {
      "cpu": 2293.8131292262583,
      "memory": 7519.531541693751,
      "disk": 27.999221645828047,
      "os": "OS2",
      "reliability": 0.9857372785626106,
      "nodeBW": 95.17933286767604
    }
  },
  {
    "nodeID": 623,
    "nodeTier": 4,
    "characteristics": {
      "cpu": 2449.760932021942,
      "memory": 6565.173103667194,
      "disk": 28.338332023271366,
      "os": "OS3",
      "reliability": 0.9818464849739543,
      "nodeBW": 92.55461445696395
    }
  },
  {
    "nodeID": 624,
    "nodeTier": 4,
    "characteristics": {
      "cpu": 2424.5134663381227,
      "memory": 6560.4698199225,
      "disk": 30.64079826757164,
      "os": "OS4",
      "reliability": 0.982968157998834,
      "nodeBW": 98.22435462334451
    }
  },
  {
    "nodeID": 625,
    "nodeTier": 4,
    "characteristics": {
      "cpu": 2178.524466750903,
      "memory": 6135.206042364171,
      "disk": 24.278451549742144,
      "os": "OS3",
      "reliability": 0.9753442938483105,
      "nodeBW": 84.02006066820039
    }
  },
  {
    "nodeID": 626,
    "nodeTier": 4,
    "characteristics": {
      "cpu": 2170.6376696380607,
      "memory": 6787.263432643364,
      "disk": 17.826088299492742,
      "os": "OS4",
      "reliability": 0.9853527405287666,
      "nodeBW": 82.14603441621848
    }
  },
  {
    "nodeID": 627,
    "nodeTier": 4,
    "characteristics": {
      "cpu": 2205.0977126320745,
      "memory": 6932.453412460989,
      "disk": 27.911763435656333,
      "os": "OS3",
      "reliability": 0.9711368133389382,
      "nodeBW": 118.95849386317435
    }
  },
  {
    "nodeID": 628,
    "nodeTier": 4,
    "characteristics": {
      "cpu": 2251.211611385037,
      "memory": 6168.4154088353625,
      "disk": 23.911474075321554,
      "os": "OS2",
      "reliability": 0.9869637894482807,
      "nodeBW": 116.13654329857101
    }
  },
  {
    "nodeID": 629,
    "nodeTier": 4,
    "characteristics": {
      "cpu": 2309.807457258925,
      "memory": 6086.112844628753,
      "disk": 29.821014946094007,
      "os": "OS2",
      "reliability": 0.9757716293432412,
      "nodeBW": 100.38367544407146
    }
  },
  {
    "nodeID": 630,
    "nodeTier": 4,
    "characteristics": {
      "cpu": 2416.724689021469,
      "memory": 6782.146024710909,
      "disk": 25.868114803982362,
      "os": "OS3",
      "reliability": 0.9801836217026063,
      "nodeBW": 95.8574461691856
    }
  },
  {
    "nodeID": 631,
    "nodeTier": 4,
    "characteristics": {
      "cpu": 2170.004051222183,
      "memory": 7408.898716911633,
      "disk": 17.005689526302607,
      "os": "OS1",
      "reliability": 0.9734959131247911,
      "nodeBW": 114.86308072787553
    }
  },
  {
    "nodeID": 632,
    "nodeTier": 4,
    "characteristics": {
      "cpu": 2215.173042739093,
      "memory": 6705.0576014863955,
      "disk": 18.244365870852203,
      "os": "OS4",
      "reliability": 0.9812362513977657,
      "nodeBW": 119.87245425267605
    }
  },
  {
    "nodeID": 633,
    "nodeTier": 4,
    "characteristics": {
      "cpu": 2144.0100207168043,
      "memory": 6729.048948522342,
      "disk": 24.11985317618279,
      "os": "OS3",
      "reliability": 0.9841419926728446,
      "nodeBW": 86.72600772478786
    }
  },
  {
    "nodeID": 634,
    "nodeTier": 4,
    "characteristics": {
      "cpu": 2145.5569166080295,
      "memory": 6599.140209368147,
      "disk": 23.95062536755154,
      "os": "OS3",
      "reliability": 0.9733998150585004,
      "nodeBW": 96.90084861882836
    }
  },
  {
    "nodeID": 635,
    "nodeTier": 4,
    "characteristics": {
      "cpu": 2151.7448365772607,
      "memory": 7756.880293107356,
      "disk": 21.922433760543374,
      "os": "OS4",
      "reliability": 0.9771948475189342,
      "nodeBW": 95.85819718273771
    }
  },
  {
    "nodeID": 636,
    "nodeTier": 4,
    "characteristics": {
      "cpu": 2135.200112213099,
      "memory": 7515.228720112432,
      "disk": 26.624409058776017,
      "os": "OS3",
      "reliability": 0.9741324569199011,
      "nodeBW": 89.08817583259112
    }
  },
  {
    "nodeID": 637,
    "nodeTier": 4,
    "characteristics": {
      "cpu": 2029.5367245129025,
      "memory": 6974.233934214812,
      "disk": 23.455329931514292,
      "os": "OS2",
      "reliability": 0.9721587875851407,
      "nodeBW": 93.66325385569172
    }
  },
  {
    "nodeID": 638,
    "nodeTier": 4,
    "characteristics": {
      "cpu": 2411.3655458920002,
      "memory": 7282.187731884189,
      "disk": 20.74094245847373,
      "os": "OS3",
      "reliability": 0.9812455784319222,
      "nodeBW": 93.16144187695146
    }
  },
  {
    "nodeID": 639,
    "nodeTier": 4,
    "characteristics": {
      "cpu": 2420.5679326832615,
      "memory": 6190.452004840615,
      "disk": 25.133694388668804,
      "os": "OS1",
      "reliability": 0.983149993776042,
      "nodeBW": 116.80861651811874
    }
  },
  {
    "nodeID": 640,
    "nodeTier": 4,
    "characteristics": {
      "cpu": 2272.8475202896475,
      "memory": 6611.598058056177,
      "disk": 23.531903724906027,
      "os": "OS4",
      "reliability": 0.9723403179723865,
      "nodeBW": 108.71468692231873
    }
  },
  {
    "nodeID": 641,
    "nodeTier": 4,
    "characteristics": {
      "cpu": 2130.276853336076,
      "memory": 6778.834006535118,
      "disk": 18.17623141276185,
      "os": "OS1",
      "reliability": 0.988169841376768,
      "nodeBW": 87.60405906132657
    }
  },
  {
    "nodeID": 642,
    "nodeTier": 4,
    "characteristics": {
      "cpu": 2389.48810829789,
      "memory": 7206.739766255974,
      "disk": 26.86559284309165,
      "os": "OS2",
      "reliability": 0.9872305490098505,
      "nodeBW": 88.11492707656251
    }
  },
  {
    "nodeID": 643,
    "nodeTier": 4,
    "characteristics": {
      "cpu": 2159.1007556050954,
      "memory": 7995.270160957858,
      "disk": 29.262171701561954,
      "os": "OS2",
      "reliability": 0.9734498561728866,
      "nodeBW": 90.13631390588883
    }
  },
  {
    "nodeID": 644,
    "nodeTier": 4,
    "characteristics": {
      "cpu": 2273.4610962107045,
      "memory": 6570.465927802171,
      "disk": 30.441755548792127,
      "os": "OS3",
      "reliability": 0.9723930199454679,
      "nodeBW": 89.04524115715509
    }
  },
  {
    "nodeID": 645,
    "nodeTier": 4,
    "characteristics": {
      "cpu": 2109.018329665191,
      "memory": 6172.276042634083,
      "disk": 21.402813849435013,
      "os": "OS2",
      "reliability": 0.9776451603818669,
      "nodeBW": 91.42587594649004
    }
  },
  {
    "nodeID": 646,
    "nodeTier": 4,
    "characteristics": {
      "cpu": 2201.057213834595,
      "memory": 7132.801710800516,
      "disk": 18.053327253708108,
      "os": "OS2",
      "reliability": 0.9718674814330207,
      "nodeBW": 101.31507316054206
    }
  },
  {
    "nodeID": 647,
    "nodeTier": 4,
    "characteristics": {
      "cpu": 2216.6756357742843,
      "memory": 7390.602431630095,
      "disk": 16.93591846498603,
      "os": "OS2",
      "reliability": 0.9780550743211327,
      "nodeBW": 109.7803579834499
    }
  },
  {
    "nodeID": 648,
    "nodeTier": 4,
    "characteristics": {
      "cpu": 2497.695097542837,
      "memory": 6111.101938824301,
      "disk": 21.85490928045328,
      "os": "OS2",
      "reliability": 0.9804376447487109,
      "nodeBW": 98.78173661514413
    }
  },
  {
    "nodeID": 649,
    "nodeTier": 4,
    "characteristics": {
      "cpu": 2209.643697133265,
      "memory": 6235.98243046288,
      "disk": 23.936950770184644,
      "os": "OS3",
      "reliability": 0.9820955259829862,
      "nodeBW": 116.71249317173005
    }
  },
  {
    "nodeID": 650,
    "nodeTier": 4,
    "characteristics": {
      "cpu": 2469.8859156814947,
      "memory": 7462.420136965264,
      "disk": 21.67152417529037,
      "os": "OS3",
      "reliability": 0.9829630668848592,
      "nodeBW": 107.02021901463186
    }
  },
  {
    "nodeID": 651,
    "nodeTier": 4,
    "characteristics": {
      "cpu": 2444.8921631050616,
      "memory": 7087.603513223182,
      "disk": 16.74389913006675,
      "os": "OS3",
      "reliability": 0.9784912035199245,
      "nodeBW": 82.15889881810146
    }
  },
  {
    "nodeID": 652,
    "nodeTier": 4,
    "characteristics": {
      "cpu": 2128.438480369691,
      "memory": 7195.127923893867,
      "disk": 20.948693440032738,
      "os": "OS2",
      "reliability": 0.988518047274953,
      "nodeBW": 82.50612569837611
    }
  },
  {
    "nodeID": 653,
    "nodeTier": 4,
    "characteristics": {
      "cpu": 2146.710140179548,
      "memory": 6391.17536789029,
      "disk": 29.779628079121775,
      "os": "OS4",
      "reliability": 0.9797348414454279,
      "nodeBW": 99.83723078761994
    }
  },
  {
    "nodeID": 654,
    "nodeTier": 4,
    "characteristics": {
      "cpu": 2389.2487150496177,
      "memory": 6301.649480253757,
      "disk": 19.591687862763806,
      "os": "OS4",
      "reliability": 0.9780134981308922,
      "nodeBW": 113.44931763735543
    }
  },
  {
    "nodeID": 655,
    "nodeTier": 4,
    "characteristics": {
      "cpu": 2365.235152539525,
      "memory": 7105.151623861898,
      "disk": 17.376234296260524,
      "os": "OS2",
      "reliability": 0.9852643362186373,
      "nodeBW": 103.84975515282727
    }
  },
  {
    "nodeID": 656,
    "nodeTier": 4,
    "characteristics": {
      "cpu": 2025.318046848996,
      "memory": 7305.938291820818,
      "disk": 25.881566756553614,
      "os": "OS2",
      "reliability": 0.986879704380399,
      "nodeBW": 93.50572050627375
    }
  },
  {
    "nodeID": 657,
    "nodeTier": 4,
    "characteristics": {
      "cpu": 2258.535327912194,
      "memory": 7467.885354369062,
      "disk": 27.177090744730567,
      "os": "OS3",
      "reliability": 0.9847636716800628,
      "nodeBW": 81.40371825436225
    }
  },
  {
    "nodeID": 658,
    "nodeTier": 4,
    "characteristics": {
      "cpu": 2142.419814344203,
      "memory": 6673.158904751628,
      "disk": 29.409967007526028,
      "os": "OS4",
      "reliability": 0.989356395834732,
      "nodeBW": 114.49281131333859
    }
  },
  {
    "nodeID": 659,
    "nodeTier": 4,
    "characteristics": {
      "cpu": 2367.526924046972,
      "memory": 6489.529935896406,
      "disk": 29.337763487468287,
      "os": "OS3",
      "reliability": 0.9849593614817593,
      "nodeBW": 100.36676733608115
    }
  },
  {
    "nodeID": 660,
    "nodeTier": 4,
    "characteristics": {
      "cpu": 2067.2978831780574,
      "memory": 6523.575040660585,
      "disk": 25.542955352913694,
      "os": "OS4",
      "reliability": 0.9863746015206262,
      "nodeBW": 91.61679969286027
    }
  },
  {
    "nodeID": 661,
    "nodeTier": 4,
    "characteristics": {
      "cpu": 2479.811455684429,
      "memory": 7545.817250546507,
      "disk": 31.247127082218597,
      "os": "OS3",
      "reliability": 0.9874153559029677,
      "nodeBW": 103.01236543761519
    }
  },
  {
    "nodeID": 662,
    "nodeTier": 4,
    "characteristics": {
      "cpu": 2113.9300744916727,
      "memory": 7020.24368524672,
      "disk": 28.637164018694886,
      "os": "OS3",
      "reliability": 0.9876426065184171,
      "nodeBW": 87.25539397558236
    }
  },
  {
    "nodeID": 663,
    "nodeTier": 4,
    "characteristics": {
      "cpu": 2151.3656086207047,
      "memory": 6278.234065095302,
      "disk": 25.975520979421514,
      "os": "OS3",
      "reliability": 0.9881910988464768,
      "nodeBW": 84.23194574359687
    }
  },
  {
    "nodeID": 664,
    "nodeTier": 4,
    "characteristics": {
      "cpu": 2094.8574401812416,
      "memory": 7578.511209722069,
      "disk": 16.74645603764007,
      "os": "OS2",
      "reliability": 0.9864477789799976,
      "nodeBW": 96.41691160661482
    }
  },
  {
    "nodeID": 665,
    "nodeTier": 4,
    "characteristics": {
      "cpu": 2230.2071336348863,
      "memory": 6535.307728016884,
      "disk": 26.672013488417477,
      "os": "OS2",
      "reliability": 0.9707873699760595,
      "nodeBW": 117.35676591702287
    }
  },
  {
    "nodeID": 666,
    "nodeTier": 4,
    "characteristics": {
      "cpu": 2413.0942948397246,
      "memory": 6863.624410818089,
      "disk": 21.9486291569171,
      "os": "OS1",
      "reliability": 0.9749643884968309,
      "nodeBW": 117.96959340298358
    }
  },
  {
    "nodeID": 667,
    "nodeTier": 4,
    "characteristics": {
      "cpu": 2146.8194877623837,
      "memory": 7911.698677855525,
      "disk": 23.100177392462935,
      "os": "OS2",
      "reliability": 0.9758288058121998,
      "nodeBW": 93.44576593283148
    }
  },
  {
    "nodeID": 668,
    "nodeTier": 4,
    "characteristics": {
      "cpu": 2495.2383565484474,
      "memory": 7982.262930108681,
      "disk": 26.264256746022284,
      "os": "OS1",
      "reliability": 0.9865487990933739,
      "nodeBW": 115.38047392032865
    }
  },
  {
    "nodeID": 669,
    "nodeTier": 4,
    "characteristics": {
      "cpu": 2404.931485405035,
      "memory": 6451.550264784645,
      "disk": 19.585612891288637,
      "os": "OS2",
      "reliability": 0.9879295698218236,
      "nodeBW": 103.75213632794357
    }
  },
  {
    "nodeID": 670,
    "nodeTier": 4,
    "characteristics": {
      "cpu": 2040.934587255162,
      "memory": 6474.878236878478,
      "disk": 19.510589719483903,
      "os": "OS2",
      "reliability": 0.98617112573909,
      "nodeBW": 102.89374392646371
    }
  },
  {
    "nodeID": 671,
    "nodeTier": 4,
    "characteristics": {
      "cpu": 2092.5373703009586,
      "memory": 6458.129770383312,
      "disk": 28.050416626399358,
      "os": "OS3",
      "reliability": 0.9731292231910031,
      "nodeBW": 99.95291193615893
    }
  },
  {
    "nodeID": 672,
    "nodeTier": 4,
    "characteristics": {
      "cpu": 2173.423651480194,
      "memory": 6122.0510386898495,
      "disk": 28.617289771962856,
      "os": "OS1",
      "reliability": 0.9758707681013988,
      "nodeBW": 103.74777680138708
    }
  },
  {
    "nodeID": 673,
    "nodeTier": 4,
    "characteristics": {
      "cpu": 2170.7164970441963,
      "memory": 6505.111813733006,
      "disk": 31.964050118900808,
      "os": "OS2",
      "reliability": 0.9783213538453575,
      "nodeBW": 119.6220768873902
    }
  },
  {
    "nodeID": 674,
    "nodeTier": 4,
    "characteristics": {
      "cpu": 2391.116224076139,
      "memory": 6409.768821351377,
      "disk": 17.019691321182727,
      "os": "OS1",
      "reliability": 0.9859703800443591,
      "nodeBW": 93.11390698627501
    }
  },
  {
    "nodeID": 675,
    "nodeTier": 4,
    "characteristics": {
      "cpu": 2151.2209668098485,
      "memory": 7241.052270269459,
      "disk": 27.21198917047145,
      "os": "OS3",
      "reliability": 0.9771700989402338,
      "nodeBW": 89.87624636373266
    }
  },
  {
    "nodeID": 676,
    "nodeTier": 4,
    "characteristics": {
      "cpu": 2229.958001828874,
      "memory": 7619.533663400823,
      "disk": 27.845331247656805,
      "os": "OS4",
      "reliability": 0.987645234376722,
      "nodeBW": 92.84312415406451
    }
  },
  {
    "nodeID": 677,
    "nodeTier": 4,
    "characteristics": {
      "cpu": 2395.129232121643,
      "memory": 7587.757426574668,
      "disk": 30.708513097017548,
      "os": "OS3",
      "reliability": 0.987465553564924,
      "nodeBW": 118.89839084750753
    }
  },
  {
    "nodeID": 678,
    "nodeTier": 4,
    "characteristics": {
      "cpu": 2122.208541708638,
      "memory": 7737.040542263381,
      "disk": 28.42840604577101,
      "os": "OS1",
      "reliability": 0.9746680230159136,
      "nodeBW": 107.4456008476007
    }
  },
  {
    "nodeID": 679,
    "nodeTier": 4,
    "characteristics": {
      "cpu": 2261.8689580022283,
      "memory": 7519.472818630424,
      "disk": 17.960417473233207,
      "os": "OS3",
      "reliability": 0.9766907166598402,
      "nodeBW": 95.35265702936385
    }
  },
  {
    "nodeID": 680,
    "nodeTier": 4,
    "characteristics": {
      "cpu": 2232.2482618154054,
      "memory": 6303.479480035402,
      "disk": 22.45277827279376,
      "os": "OS4",
      "reliability": 0.9726448933358849,
      "nodeBW": 106.70009804235374
    }
  },
  {
    "nodeID": 681,
    "nodeTier": 4,
    "characteristics": {
      "cpu": 2499.1902980674568,
      "memory": 7588.13133668229,
      "disk": 27.204281863483004,
      "os": "OS4",
      "reliability": 0.9838957880252625,
      "nodeBW": 107.56605590087463
    }
  },
  {
    "nodeID": 682,
    "nodeTier": 4,
    "characteristics": {
      "cpu": 2225.9364393798865,
      "memory": 6480.7348235376485,
      "disk": 16.5276093954588,
      "os": "OS3",
      "reliability": 0.9861910804537684,
      "nodeBW": 114.39622666154321
    }
  },
  {
    "nodeID": 683,
    "nodeTier": 4,
    "characteristics": {
      "cpu": 2155.7030297448655,
      "memory": 7036.3972403080525,
      "disk": 20.194914877847413,
      "os": "OS4",
      "reliability": 0.9883125338499597,
      "nodeBW": 93.36577153500895
    }
  },
  {
    "nodeID": 684,
    "nodeTier": 4,
    "characteristics": {
      "cpu": 2289.2258865702415,
      "memory": 6612.914219427825,
      "disk": 16.51242031401873,
      "os": "OS1",
      "reliability": 0.9818584146051912,
      "nodeBW": 81.19402697980685
    }
  },
  {
    "nodeID": 685,
    "nodeTier": 4,
    "characteristics": {
      "cpu": 2284.1929201786975,
      "memory": 6686.22225704754,
      "disk": 25.13746705945028,
      "os": "OS2",
      "reliability": 0.9880787543829591,
      "nodeBW": 96.48166578078266
    }
  },
  {
    "nodeID": 686,
    "nodeTier": 4,
    "characteristics": {
      "cpu": 2197.2242544663245,
      "memory": 6625.262109131826,
      "disk": 19.064250990434065,
      "os": "OS2",
      "reliability": 0.9847033496644385,
      "nodeBW": 114.53553782330499
    }
  },
  {
    "nodeID": 687,
    "nodeTier": 4,
    "characteristics": {
      "cpu": 2229.736571335541,
      "memory": 7876.229607089281,
      "disk": 30.28382945813253,
      "os": "OS2",
      "reliability": 0.9778889202865026,
      "nodeBW": 105.1751266486863
    }
  },
  {
    "nodeID": 688,
    "nodeTier": 4,
    "characteristics": {
      "cpu": 2436.8024529544114,
      "memory": 7678.3944744961655,
      "disk": 27.57856777725266,
      "os": "OS4",
      "reliability": 0.9728895410043742,
      "nodeBW": 92.47715294827236
    }
  },
  {
    "nodeID": 689,
    "nodeTier": 4,
    "characteristics": {
      "cpu": 2021.0900534680386,
      "memory": 7657.6458376198125,
      "disk": 25.034245121693655,
      "os": "OS3",
      "reliability": 0.9897923582963805,
      "nodeBW": 117.96376056364224
    }
  }
]